,trail_id,for_display,lat,lon,elevation,slope
0,391691621,True,40.05566730,-79.25436800,846.39,0.00
2,391691621,True,40.05567608,-79.25427532,847.64,8.94
3,391691621,True,40.05568485,-79.25418265,848.69,7.53
4,391691621,True,40.05569363,-79.25408997,849.80,7.95
5,391691621,True,40.05570240,-79.25399730,851.04,8.87
6,391691621,True,40.05568725,-79.25390460,852.42,9.71
7,391691621,True,40.05567210,-79.25381190,853.95,10.74
8,391691621,True,40.05565695,-79.25371920,855.76,12.65
9,391691621,True,40.05564180,-79.25362650,857.27,10.60
10,391691621,True,40.05557325,-79.25350155,858.86,6.93
11,391691621,True,40.05550470,-79.25337660,860.05,5.20
12,391691621,True,40.05553980,-79.25328490,861.21,7.57
13,391691621,True,40.05564820,-79.25335160,859.90,-5.62
14,391691621,True,40.05571515,-79.25347450,858.52,-6.13
15,391691621,True,40.05578210,-79.25359740,856.67,-8.20
16,391691621,True,40.05584628,-79.25370623,853.98,-12.96
17,391691621,True,40.05591045,-79.25381505,851.63,-11.36
18,391691621,True,40.05597462,-79.25392388,849.58,-9.94
19,391691621,True,40.05603880,-79.25403270,847.59,-9.66
20,391691621,True,40.05610297,-79.25414153,845.18,-11.65
21,391691621,True,40.05616715,-79.25425035,842.66,-12.16
22,391691621,True,40.05623132,-79.25435918,839.66,-14.39
23,391691621,True,40.05629550,-79.25446800,836.49,-15.17
24,391691621,True,40.05635090,-79.25457683,833.09,-17.00
25,391691621,True,40.05640630,-79.25468565,828.44,-22.69
26,391691621,True,40.05646170,-79.25479447,824.15,-21.09
27,391691621,True,40.05651710,-79.25490330,820.66,-17.42
28,391691621,True,40.05657250,-79.25501212,818.85,-9.24
29,391691621,True,40.05662790,-79.25512095,817.65,-6.16
30,391691621,True,40.05668330,-79.25522978,816.46,-6.11
31,391691621,True,40.05673870,-79.25533860,815.20,-6.46
32,391691621,True,40.05680885,-79.25546826,811.79,-14.16
33,391691621,True,40.05687900,-79.25559792,807.06,-19.29
34,391691621,True,40.05694915,-79.25572759,802.49,-18.68
35,391691621,True,40.05701930,-79.25585725,797.17,-21.49
36,391691621,True,40.05708945,-79.25598691,792.44,-19.29
37,391691621,True,40.05715960,-79.25611657,789.00,-14.28
38,391691621,True,40.05722975,-79.25624624,785.34,-15.15
39,391691621,True,40.05729990,-79.25637590,781.49,-15.90
40,391691621,True,40.05735010,-79.25645610,779.37,-13.52
41,391691621,True,40.05740030,-79.25653630,777.69,-10.79
42,391691621,True,40.05745050,-79.25661650,776.13,-10.03
43,391691621,True,40.05750070,-79.25669670,774.38,-11.23
44,391691621,True,40.05746250,-79.25674670,774.40,0.19
45,391691621,True,40.05738915,-79.25670712,775.85,9.33
46,391691621,True,40.05731580,-79.25666755,777.23,8.89
47,391691621,True,40.05724245,-79.25662798,778.55,8.51
48,391691621,True,40.05716910,-79.25658840,780.06,9.71
49,391691621,True,40.05711013,-79.25649155,782.58,13.46
50,391691621,True,40.05705115,-79.25639470,785.63,16.15
51,391691621,True,40.05699218,-79.25629785,788.60,15.75
52,391691621,True,40.05693320,-79.25620100,791.06,13.15
53,391691621,True,40.05684950,-79.25614475,793.24,11.77
54,391691621,True,40.05676580,-79.25608850,795.95,14.52
55,391691621,True,40.05668210,-79.25603225,798.95,15.99
56,391691621,True,40.05659840,-79.25597600,801.42,13.28
57,391691621,True,40.05653462,-79.25592497,804.12,17.99
58,391691621,True,40.05647085,-79.25587395,806.24,14.30
59,391691621,True,40.05640707,-79.25582292,808.71,16.54
60,391691621,True,40.05634330,-79.25577190,810.42,11.62
61,391691621,True,40.05630505,-79.25562712,814.23,16.29
62,391691621,True,40.05626680,-79.25548235,816.42,9.54
63,391691621,True,40.05622855,-79.25533757,817.96,6.74
64,391691621,True,40.05619030,-79.25519280,819.60,7.17
65,391691621,True,40.05612412,-79.25511158,821.24,9.23
66,391691621,True,40.05605795,-79.25503035,824.29,16.81
67,391691621,True,40.05599177,-79.25494912,828.12,20.77
68,391691621,True,40.05592560,-79.25486790,831.80,20.03
0,391691621,False,40.05553980,-79.25328490,861.21,0.00
1,391691621,False,40.05559572,-79.25340109,859.69,-7.41
2,391691621,False,40.05565164,-79.25351727,858.41,-6.25
3,391691621,False,40.05570756,-79.25363346,856.79,-7.90
4,391691621,False,40.05576348,-79.25374965,854.25,-12.27
5,391691621,False,40.05581940,-79.25386583,851.94,-11.19
6,391691621,False,40.05587532,-79.25398202,849.90,-9.91
7,391691621,False,40.05593124,-79.25409820,847.86,-9.91
8,391691621,False,40.05598716,-79.25421439,845.64,-10.76
9,391691621,False,40.05604308,-79.25433058,843.15,-12.03
10,391691621,False,40.05609900,-79.25444676,840.05,-14.86
11,391691621,False,40.05615493,-79.25456295,836.62,-16.36
12,391691621,False,40.05621085,-79.25467914,832.88,-17.75
13,391691621,False,40.05626677,-79.25479532,828.15,-22.05
14,391691621,False,40.05632269,-79.25491151,823.44,-21.96
15,391691621,False,40.05637861,-79.25502769,820.28,-15.14
16,391691621,False,40.05643453,-79.25514388,818.48,-8.76
17,391691621,False,40.05650116,-79.25524093,817.35,-5.81
18,391691621,False,40.05656780,-79.25533798,816.49,-4.43
19,391691621,False,40.05663443,-79.25543503,815.10,-7.14
20,391691621,False,40.05670107,-79.25553209,812.34,-13.97
21,391691621,False,40.05676771,-79.25562914,808.58,-18.72
22,391691621,False,40.05683434,-79.25572619,805.01,-17.84
23,391691621,False,40.05690098,-79.25582324,800.97,-20.01
24,391691621,False,40.05696761,-79.25592029,796.72,-20.96
25,391691621,False,40.05703425,-79.25601734,792.96,-18.72
26,391691621,False,40.05710089,-79.25611439,790.11,-14.40
27,391691621,False,40.05716752,-79.25621144,787.18,-14.79
28,391691621,False,40.05723416,-79.25630850,784.03,-15.85
29,391691621,False,40.05730079,-79.25640555,781.00,-15.27
30,391691621,False,40.05736743,-79.25650260,778.65,-11.96
31,391691621,False,40.05743406,-79.25659965,776.50,-10.97
32,391691621,False,40.05750070,-79.25669670,774.38,-10.82
33,391691621,False,40.05750070,-79.25669670,774.38,0.00
0,391691623,True,40.05606610,-79.25031270,861.12,0.00
1,391691623,True,40.05608870,-79.25018860,860.50,-3.27
2,391691623,True,40.05618060,-79.25016695,859.41,-5.99
3,391691623,True,40.05627250,-79.25014530,858.30,-6.10
0,391691624,True,40.05639470,-79.24971240,856.07,0.00
1,391691624,True,40.05642102,-79.24955723,855.36,-3.00
2,391691624,True,40.05644735,-79.24940205,854.55,-3.43
3,391691624,True,40.05647367,-79.24924687,853.72,-3.51
4,391691624,True,40.05650000,-79.24909170,852.66,-4.48
5,391691624,True,40.05650718,-79.24894277,851.68,-4.41
6,391691624,True,40.05651435,-79.24879385,850.54,-5.13
7,391691624,True,40.05652153,-79.24864493,849.46,-4.86
8,391691624,True,40.05652870,-79.24849600,848.19,-5.71
9,391691624,True,40.05656378,-79.24834603,846.12,-8.82
10,391691624,True,40.05659885,-79.24819605,844.18,-8.27
11,391691624,True,40.05663392,-79.24804608,842.67,-6.45
12,391691624,True,40.05666900,-79.24789610,841.08,-6.79
13,391691624,True,40.05672717,-79.24780445,839.65,-8.03
14,391691624,True,40.05678535,-79.24771280,838.60,-5.92
15,391691624,True,40.05684352,-79.24762115,837.91,-3.90
16,391691624,True,40.05690170,-79.24752950,837.38,-2.99
17,391691624,True,40.05700280,-79.24748825,836.10,-6.20
18,391691624,True,40.05710390,-79.24744700,835.03,-5.19
19,391691624,True,40.05720500,-79.24740575,834.36,-3.26
20,391691624,True,40.05730610,-79.24736450,833.71,-3.16
21,391691624,True,40.05742677,-79.24742298,832.00,-6.81
22,391691624,True,40.05754745,-79.24748145,829.53,-9.79
23,391691624,True,40.05766812,-79.24753993,826.34,-12.57
24,391691624,True,40.05778880,-79.24759840,823.15,-12.57
25,391691624,True,40.05784460,-79.24766609,821.18,-13.10
26,391691624,True,40.05790040,-79.24773378,819.30,-12.52
27,391691624,True,40.05795620,-79.24780146,817.30,-13.29
28,391691624,True,40.05801200,-79.24786915,815.25,-13.61
29,391691624,True,40.05806780,-79.24793684,813.32,-12.84
30,391691624,True,40.05812360,-79.24800452,811.13,-14.50
31,391691624,True,40.05817940,-79.24807221,809.09,-13.55
32,391691624,True,40.05823520,-79.24813990,807.15,-12.91
33,391691624,True,40.05829260,-79.24822634,804.89,-13.06
34,391691624,True,40.05835000,-79.24831277,802.26,-15.11
35,391691624,True,40.05840740,-79.24839921,799.63,-15.11
36,391691624,True,40.05846480,-79.24848565,797.74,-10.98
37,391691624,True,40.05852220,-79.24857209,796.08,-9.67
38,391691624,True,40.05857960,-79.24865852,794.08,-11.61
39,391691624,True,40.05863700,-79.24874496,792.04,-11.83
40,391691624,True,40.05869440,-79.24883140,790.30,-10.13
41,391691624,True,40.05875269,-79.24888425,788.83,-10.55
42,391691624,True,40.05881098,-79.24893710,787.33,-10.77
43,391691624,True,40.05886926,-79.24898995,785.92,-10.13
44,391691624,True,40.05892755,-79.24904280,784.49,-10.27
45,391691624,True,40.05898584,-79.24909565,783.16,-9.57
46,391691624,True,40.05904412,-79.24914850,781.88,-9.22
47,391691624,True,40.05910241,-79.24920135,780.66,-8.79
48,391691624,True,40.05916070,-79.24925420,779.60,-7.65
0,391691625,True,40.05803990,-79.25005520,801.15,0.00
1,391691625,True,40.05812938,-79.24998372,798.38,-13.36
2,391691625,True,40.05821885,-79.24991225,796.56,-8.87
3,391691625,True,40.05830832,-79.24984077,795.02,-7.52
4,391691625,True,40.05839780,-79.24976930,793.61,-6.89
5,391691625,True,40.05848388,-79.24969640,792.30,-6.55
6,391691625,True,40.05856995,-79.24962350,790.55,-8.72
7,391691625,True,40.05865603,-79.24955060,788.83,-8.58
8,391691625,True,40.05874210,-79.24947770,787.01,-9.07
9,391691625,True,40.05884675,-79.24942182,785.07,-8.77
10,391691625,True,40.05895140,-79.24936595,783.16,-8.64
11,391691625,True,40.05905605,-79.24931007,781.37,-8.10
12,391691625,True,40.05916070,-79.24925420,779.60,-8.01
0,391691626,True,40.05627250,-79.25014530,858.30,0.00
1,391691626,True,40.05640490,-79.25014045,856.11,-8.46
2,391691626,True,40.05653730,-79.25013560,853.42,-10.35
3,391691626,True,40.05664188,-79.25013907,849.91,-16.79
4,391691626,True,40.05674645,-79.25014255,845.88,-19.11
5,391691626,True,40.05685103,-79.25014602,842.39,-16.70
6,391691626,True,40.05695560,-79.25014950,839.26,-15.06
7,391691626,True,40.05707283,-79.25013738,835.40,-16.45
8,391691626,True,40.05719005,-79.25012525,831.18,-17.89
9,391691626,True,40.05730727,-79.25011312,827.34,-16.37
10,391691626,True,40.05742450,-79.25010100,824.20,-13.50
11,391691626,True,40.05750142,-79.25009528,822.05,-14.09
12,391691626,True,40.05757835,-79.25008955,819.65,-15.65
13,391691626,True,40.05765528,-79.25008382,816.97,-17.37
14,391691626,True,40.05773220,-79.25007810,814.07,-18.70
15,391691626,True,40.05780913,-79.25007238,810.93,-20.13
16,391691626,True,40.05788605,-79.25006665,807.69,-20.72
17,391691626,True,40.05796297,-79.25006093,804.35,-21.30
18,391691626,True,40.05803990,-79.25005520,801.15,-20.48
19,391691626,True,40.05812360,-79.25005936,798.38,-16.56
20,391691626,True,40.05820730,-79.25006353,796.90,-9.03
21,391691626,True,40.05829100,-79.25006769,795.87,-6.31
22,391691626,True,40.05837470,-79.25007185,794.63,-7.58
23,391691626,True,40.05845840,-79.25007601,793.27,-8.31
24,391691626,True,40.05854210,-79.25008018,791.58,-10.28
25,391691626,True,40.05862580,-79.25008434,789.45,-12.88
26,391691626,True,40.05870950,-79.25008850,787.34,-12.76
27,391691626,True,40.05879000,-79.25008121,785.53,-11.40
28,391691626,True,40.05887050,-79.25007393,783.82,-10.79
29,391691626,True,40.05895100,-79.25006664,782.17,-10.42
30,391691626,True,40.05903150,-79.25005935,781.01,-7.37
31,391691626,True,40.05911200,-79.25005206,779.90,-7.05
32,391691626,True,40.05919250,-79.25004477,778.63,-8.06
33,391691626,True,40.05927300,-79.25003749,777.49,-7.24
34,391691626,True,40.05935350,-79.25003020,776.26,-7.81
35,391691626,True,40.05946750,-79.25001977,774.49,-7.93
36,391691626,True,40.05958150,-79.25000935,773.03,-6.55
37,391691626,True,40.05969550,-79.24999892,771.28,-7.84
38,391691626,True,40.05980950,-79.24998850,769.93,-6.06
0,391691627,True,40.06084100,-79.24746590,775.29,0.00
1,391691627,True,40.06094553,-79.24746748,773.77,-7.45
2,391691627,True,40.06105005,-79.24746905,771.52,-10.96
3,391691627,True,40.06115458,-79.24747063,769.35,-10.57
4,391691627,True,40.06125910,-79.24747220,767.51,-9.00
5,391691627,True,40.06138760,-79.24742803,766.43,-4.18
6,391691627,True,40.06151610,-79.24738385,765.76,-2.60
7,391691627,True,40.06164460,-79.24733968,765.29,-1.82
8,391691627,True,40.06177310,-79.24729550,764.12,-4.53
9,391691627,True,40.06186917,-79.24725573,763.23,-4.54
10,391691627,True,40.06196525,-79.24721595,762.67,-2.86
11,391691627,True,40.06206133,-79.24717617,761.76,-4.64
12,391691627,True,40.06215740,-79.24713640,760.90,-4.39
0,391691628,True,40.06017790,-79.24580990,813.83,0.00
1,391691628,True,40.06027468,-79.24575873,813.82,-0.05
2,391691628,True,40.06037145,-79.24570755,813.79,-0.15
3,391691628,True,40.06046822,-79.24565637,813.90,0.54
4,391691628,True,40.06056500,-79.24560520,813.84,-0.30
5,391691628,True,40.06068110,-79.24555805,813.68,-0.68
6,391691628,True,40.06079720,-79.24551090,813.27,-1.74
7,391691628,True,40.06091330,-79.24546375,812.58,-2.92
8,391691628,True,40.06102940,-79.24541660,811.83,-3.18
9,391691628,True,40.06109817,-79.24542250,810.82,-7.51
10,391691628,True,40.06116695,-79.24542840,809.75,-7.95
11,391691628,True,40.06123573,-79.24543430,808.76,-7.36
12,391691628,True,40.06130450,-79.24544020,807.66,-8.17
13,391691628,True,40.06139130,-79.24552120,804.49,-14.96
14,391691628,True,40.06147810,-79.24560220,799.76,-21.74
15,391691628,True,40.06156490,-79.24568320,794.15,-25.31
16,391691628,True,40.06165170,-79.24576420,789.09,-23.10
17,391691628,True,40.06171707,-79.24587615,785.45,-16.90
18,391691628,True,40.06178245,-79.24598810,784.18,-6.05
19,391691628,True,40.06184783,-79.24610005,783.29,-4.25
20,391691628,True,40.06191320,-79.24621200,782.12,-5.58
21,391691628,True,40.06192560,-79.24633277,780.90,-6.71
22,391691628,True,40.06193800,-79.24645355,778.89,-10.97
23,391691628,True,40.06195040,-79.24657432,776.05,-15.32
24,391691628,True,40.06196280,-79.24669510,773.26,-15.06
25,391691628,True,40.06201145,-79.24680542,770.86,-12.49
26,391691628,True,40.06206010,-79.24691575,767.42,-17.61
27,391691628,True,40.06210875,-79.24702608,764.20,-16.55
28,391691628,True,40.06215740,-79.24713640,760.90,-16.94
0,391691629,True,40.05951610,-79.25060920,775.90,0.00
1,391691629,True,40.05955278,-79.25053161,775.19,-5.23
2,391691629,True,40.05958945,-79.25045403,774.69,-3.69
3,391691629,True,40.05962613,-79.25037644,774.14,-4.05
4,391691629,True,40.05966280,-79.25029885,773.34,-5.89
5,391691629,True,40.05969948,-79.25022126,772.58,-5.59
6,391691629,True,40.05973615,-79.25014368,771.61,-7.12
7,391691629,True,40.05977282,-79.25006609,770.84,-5.67
8,391691629,True,40.05980950,-79.24998850,769.93,-6.69
9,391691629,True,40.05986527,-79.24993018,768.99,-6.75
10,391691629,True,40.05992105,-79.24987185,768.21,-5.61
11,391691629,True,40.05997682,-79.24981353,767.59,-4.46
12,391691629,True,40.06003260,-79.24975520,766.87,-5.18
13,391691629,True,40.06010321,-79.24969806,765.50,-8.44
14,391691629,True,40.06017382,-79.24964092,764.49,-6.24
15,391691629,True,40.06024444,-79.24958379,763.89,-3.72
16,391691629,True,40.06031505,-79.24952665,762.55,-8.26
17,391691629,True,40.06038566,-79.24946951,761.69,-5.32
18,391691629,True,40.06045627,-79.24941238,760.95,-4.58
19,391691629,True,40.06052689,-79.24935524,760.25,-4.33
20,391691629,True,40.06059750,-79.24929810,759.62,-3.90
0,391691630,True,40.05546630,-79.25281110,864.80,0.00
1,391691630,True,40.05544917,-79.25291458,864.27,-3.37
2,391691630,True,40.05543205,-79.25301805,863.24,-6.52
3,391691630,True,40.05541493,-79.25312153,862.80,-2.80
4,391691630,True,40.05539780,-79.25322500,862.29,-3.24
5,391691630,True,40.05539380,-79.25333123,861.38,-5.74
6,391691630,True,40.05538980,-79.25343745,860.29,-6.87
7,391691630,True,40.05538580,-79.25354368,859.01,-8.05
8,391691630,True,40.05538180,-79.25364990,857.75,-7.92
9,391691630,True,40.05539017,-79.25373842,856.65,-8.24
10,391691630,True,40.05539855,-79.25382695,855.39,-9.42
11,391691630,True,40.05540692,-79.25391548,854.09,-9.72
12,391691630,True,40.05541530,-79.25400400,852.70,-10.38
13,391691630,True,40.05542368,-79.25409253,851.34,-10.16
14,391691630,True,40.05543205,-79.25418105,850.02,-9.86
15,391691630,True,40.05544043,-79.25426957,848.91,-8.32
16,391691630,True,40.05544880,-79.25435810,847.88,-7.73
17,391691630,True,40.05552293,-79.25449557,845.41,-9.79
18,391691630,True,40.05559705,-79.25463305,842.05,-13.21
19,391691630,True,40.05567118,-79.25477052,837.80,-16.54
20,391691630,True,40.05574530,-79.25490800,832.94,-18.76
21,391691630,True,40.05579633,-79.25502048,828.93,-19.82
22,391691630,True,40.05584735,-79.25513295,824.67,-20.95
23,391691630,True,40.05589837,-79.25524542,821.07,-17.93
24,391691630,True,40.05594940,-79.25535790,818.85,-11.28
25,391691630,True,40.05601157,-79.25548080,817.48,-6.24
26,391691630,True,40.05607375,-79.25560370,815.94,-7.00
27,391691630,True,40.05613593,-79.25572660,813.58,-10.66
28,391691630,True,40.05619810,-79.25584950,810.84,-12.33
29,391691630,True,40.05626745,-79.25591302,808.75,-12.51
30,391691630,True,40.05633680,-79.25597655,806.38,-14.12
31,391691630,True,40.05640615,-79.25604007,804.21,-12.98
32,391691630,True,40.05647550,-79.25610360,801.72,-14.81
33,391691630,True,40.05654485,-79.25616712,799.10,-15.55
34,391691630,True,40.05661420,-79.25623065,796.54,-15.21
35,391691630,True,40.05668355,-79.25629417,793.68,-16.89
36,391691630,True,40.05675290,-79.25635770,790.95,-16.17
37,391691630,True,40.05681189,-79.25641290,788.72,-15.45
38,391691630,True,40.05687088,-79.25646810,786.74,-13.79
39,391691630,True,40.05692986,-79.25652330,784.79,-13.59
40,391691630,True,40.05698885,-79.25657850,782.95,-12.85
41,391691630,True,40.05704784,-79.25663370,781.17,-12.44
42,391691630,True,40.05710682,-79.25668890,779.59,-11.08
43,391691630,True,40.05716581,-79.25674410,778.12,-10.33
44,391691630,True,40.05722480,-79.25679930,776.77,-9.50
45,391691630,True,40.05727425,-79.25688203,775.09,-10.65
46,391691630,True,40.05732370,-79.25696475,772.87,-13.96
47,391691630,True,40.05737315,-79.25704748,771.67,-7.65
48,391691630,True,40.05742260,-79.25713020,771.60,-0.45
0,391691631,True,40.05722480,-79.25679930,776.77,0.00
1,391691631,True,40.05729772,-79.25683370,775.44,-8.77
2,391691631,True,40.05737065,-79.25686810,774.03,-9.29
3,391691631,True,40.05744357,-79.25690250,772.70,-8.77
4,391691631,True,40.05751650,-79.25693690,771.62,-7.14
5,391691631,True,40.05762175,-79.25692155,771.18,-2.14
6,391691631,True,40.05772700,-79.25690620,770.78,-1.95
0,391691632,True,40.05639470,-79.24971240,856.07,0.00
1,391691632,True,40.05648360,-79.24965825,854.65,-7.42
2,391691632,True,40.05657250,-79.24960410,852.86,-9.32
3,391691632,True,40.05666140,-79.24954995,850.16,-13.90
4,391691632,True,40.05675030,-79.24949580,846.26,-19.68
5,391691632,True,40.05684356,-79.24948123,841.90,-22.66
6,391691632,True,40.05693682,-79.24946665,838.35,-18.77
7,391691632,True,40.05703009,-79.24945207,835.45,-15.52
8,391691632,True,40.05712335,-79.24943750,832.32,-16.68
9,391691632,True,40.05721661,-79.24942293,829.30,-16.13
10,391691632,True,40.05730988,-79.24940835,826.80,-13.46
11,391691632,True,40.05740314,-79.24939378,824.68,-11.47
12,391691632,True,40.05749640,-79.24937920,822.68,-10.84
13,391691632,True,40.05760161,-79.24937295,819.80,-13.82
14,391691632,True,40.05770682,-79.24936670,816.35,-16.41
15,391691632,True,40.05781204,-79.24936045,812.26,-19.25
16,391691632,True,40.05791725,-79.24935420,807.57,-21.83
17,391691632,True,40.05802246,-79.24934795,803.08,-20.98
18,391691632,True,40.05812768,-79.24934170,799.46,-17.18
19,391691632,True,40.05823289,-79.24933545,796.57,-13.86
20,391691632,True,40.05833810,-79.24932920,794.37,-10.64
21,391691632,True,40.05844092,-79.24931983,792.69,-8.34
22,391691632,True,40.05854375,-79.24931045,791.00,-8.39
23,391691632,True,40.05864657,-79.24930108,789.13,-9.27
24,391691632,True,40.05874940,-79.24929170,787.16,-9.75
25,391691632,True,40.05885222,-79.24928232,785.14,-10.00
26,391691632,True,40.05895505,-79.24927295,783.20,-9.61
27,391691632,True,40.05905787,-79.24926358,781.39,-8.97
28,391691632,True,40.05916070,-79.24925420,779.60,-8.88
0,391691633,True,40.05916070,-79.24925420,779.60,0.00
1,391691633,True,40.05926265,-79.24925799,777.87,-8.67
2,391691633,True,40.05936460,-79.24926177,776.27,-8.03
3,391691633,True,40.05946655,-79.24926556,774.65,-8.13
4,391691633,True,40.05956850,-79.24926935,773.00,-8.28
5,391691633,True,40.05967045,-79.24927314,771.45,-7.78
6,391691633,True,40.05977240,-79.24927693,770.17,-6.44
7,391691633,True,40.05987435,-79.24928071,768.88,-6.49
8,391691633,True,40.05997630,-79.24928450,767.56,-6.64
9,391691633,True,40.06005395,-79.24928620,766.60,-6.34
10,391691633,True,40.06013160,-79.24928790,765.57,-6.80
11,391691633,True,40.06020925,-79.24928960,764.49,-7.13
12,391691633,True,40.06028690,-79.24929130,763.45,-6.87
13,391691633,True,40.06036455,-79.24929300,762.51,-6.21
14,391691633,True,40.06044220,-79.24929470,761.59,-6.08
15,391691633,True,40.06051985,-79.24929640,760.59,-6.61
16,391691633,True,40.06059750,-79.24929810,759.62,-6.41
17,391691633,True,40.06069051,-79.24929469,758.54,-5.96
18,391691633,True,40.06078352,-79.24929128,757.41,-6.23
19,391691633,True,40.06087654,-79.24928786,756.28,-6.23
20,391691633,True,40.06096955,-79.24928445,755.09,-6.56
21,391691633,True,40.06106256,-79.24928104,753.83,-6.94
22,391691633,True,40.06115558,-79.24927763,752.56,-7.00
23,391691633,True,40.06124859,-79.24927421,751.34,-6.73
24,391691633,True,40.06134160,-79.24927080,750.17,-6.45
25,391691633,True,40.06142008,-79.24926167,749.11,-6.90
26,391691633,True,40.06149855,-79.24925255,748.10,-6.58
27,391691633,True,40.06157702,-79.24924343,746.97,-7.35
28,391691633,True,40.06165550,-79.24923430,745.87,-7.16
29,391691633,True,40.06174140,-79.24922429,744.84,-6.13
30,391691633,True,40.06182730,-79.24921427,743.82,-6.07
31,391691633,True,40.06191320,-79.24920426,742.76,-6.31
32,391691633,True,40.06199910,-79.24919425,741.79,-5.78
33,391691633,True,40.06208500,-79.24918424,740.45,-7.95
34,391691633,True,40.06217090,-79.24917423,739.23,-7.25
35,391691633,True,40.06225680,-79.24916421,738.22,-6.01
36,391691633,True,40.06234270,-79.24915420,736.98,-7.37
37,391691633,True,40.06242240,-79.24916358,736.11,-5.58
38,391691633,True,40.06250210,-79.24917295,735.24,-5.58
39,391691633,True,40.06258180,-79.24918232,734.57,-4.31
40,391691633,True,40.06266150,-79.24919170,734.10,-3.02
41,391691633,True,40.06273435,-79.24926670,733.54,-3.11
42,391691633,True,40.06280720,-79.24934170,732.99,-3.05
43,391691633,True,40.06277845,-79.24946640,732.72,-1.40
44,391691633,True,40.06274970,-79.24959110,732.87,0.78
0,391691634,True,40.05951610,-79.25060920,775.90,0.00
1,391691634,True,40.05961733,-79.25064463,775.18,-3.54
2,391691634,True,40.05971855,-79.25068005,775.64,2.26
3,391691634,True,40.05981978,-79.25071547,776.27,3.09
4,391691634,True,40.05992100,-79.25075090,776.19,-0.39
5,391691634,True,40.05999673,-79.25077172,775.04,-7.61
6,391691634,True,40.06007245,-79.25079255,773.52,-10.02
7,391691634,True,40.06014817,-79.25081338,771.30,-14.47
8,391691634,True,40.06022390,-79.25083420,768.96,-15.21
9,391691634,True,40.06030282,-79.25081440,766.08,-17.86
10,391691634,True,40.06038175,-79.25079460,763.06,-18.67
11,391691634,True,40.06046068,-79.25077480,760.57,-15.57
12,391691634,True,40.06053960,-79.25075500,758.23,-14.67
13,391691634,True,40.06061053,-79.25070503,756.08,-13.49
14,391691634,True,40.06068145,-79.25065505,754.34,-10.99
15,391691634,True,40.06075238,-79.25060508,753.30,-6.62
16,391691634,True,40.06082330,-79.25055510,752.60,-4.47
17,391691634,True,40.06089745,-79.25041555,752.27,-1.31
18,391691634,True,40.06097160,-79.25027600,751.89,-1.51
19,391691634,True,40.06104575,-79.25013645,751.55,-1.35
20,391691634,True,40.06111990,-79.24999690,751.06,-1.94
21,391691634,True,40.06117728,-79.24988755,750.77,-1.47
22,391691634,True,40.06123465,-79.24977820,750.47,-1.52
23,391691634,True,40.06129203,-79.24966885,750.20,-1.37
24,391691634,True,40.06134940,-79.24955950,749.55,-3.30
25,391691634,True,40.06142592,-79.24947820,748.63,-4.80
26,391691634,True,40.06150245,-79.24939690,747.77,-4.48
27,391691634,True,40.06157898,-79.24931560,746.79,-5.11
28,391691634,True,40.06165550,-79.24923430,745.87,-4.80
0,391691635,True,40.05536280,-79.25921770,830.56,0.00
1,391691635,True,40.05546087,-79.25917782,829.27,-6.44
2,391691635,True,40.05555895,-79.25913795,827.01,-11.19
3,391691635,True,40.05565703,-79.25909807,823.41,-17.49
4,391691635,True,40.05575510,-79.25905820,818.34,-23.94
5,391691635,True,40.05583231,-79.25905304,814.25,-25.44
6,391691635,True,40.05590952,-79.25904787,810.41,-24.07
7,391691635,True,40.05598674,-79.25904271,806.75,-23.06
8,391691635,True,40.05606395,-79.25903755,803.20,-22.44
9,391691635,True,40.05614116,-79.25903239,800.06,-20.07
10,391691635,True,40.05621838,-79.25902723,797.28,-17.92
11,391691635,True,40.05629559,-79.25902206,794.99,-14.92
12,391691635,True,40.05637280,-79.25901690,793.23,-11.57
13,391691635,True,40.05646637,-79.25899188,791.53,-9.09
14,391691635,True,40.05655995,-79.25896685,790.13,-7.51
15,391691635,True,40.05665353,-79.25894182,789.11,-5.49
16,391691635,True,40.05674710,-79.25891680,788.42,-3.72
17,391691635,True,40.05680966,-79.25887187,787.93,-3.53
18,391691635,True,40.05687223,-79.25882695,787.30,-4.54
19,391691635,True,40.05693479,-79.25878202,786.43,-6.25
20,391691635,True,40.05699735,-79.25873710,785.02,-10.07
21,391691635,True,40.05705991,-79.25869217,783.26,-12.50
22,391691635,True,40.05712247,-79.25864725,781.97,-9.23
23,391691635,True,40.05718504,-79.25860232,781.25,-5.18
24,391691635,True,40.05724760,-79.25855740,780.94,-2.24
0,391691637,True,40.05559760,-79.25257840,864.53,0.00
1,391691637,True,40.05567535,-79.25263920,863.65,-4.99
2,391691637,True,40.05575310,-79.25270000,862.46,-6.74
3,391691637,True,40.05583085,-79.25276080,861.19,-7.18
4,391691637,True,40.05590860,-79.25282160,860.16,-5.84
5,391691637,True,40.05600780,-79.25293500,858.53,-6.35
6,391691637,True,40.05610700,-79.25304840,856.55,-7.69
7,391691637,True,40.05620620,-79.25316180,854.75,-7.00
8,391691637,True,40.05630540,-79.25327520,851.72,-11.68
9,391691637,True,40.05637418,-79.25338568,848.79,-13.59
10,391691637,True,40.05644295,-79.25349615,846.12,-12.42
11,391691637,True,40.05651173,-79.25360663,844.12,-9.37
12,391691637,True,40.05658050,-79.25371710,842.23,-8.86
13,391691637,True,40.05665378,-79.25384818,839.43,-11.46
14,391691637,True,40.05672705,-79.25397925,836.59,-11.62
15,391691637,True,40.05680033,-79.25411032,833.82,-11.34
16,391691637,True,40.05687360,-79.25424140,829.39,-17.78
17,391691637,True,40.05691588,-79.25432682,825.84,-22.30
18,391691637,True,40.05695815,-79.25441225,822.84,-19.11
19,391691637,True,40.05700042,-79.25449767,820.37,-15.92
20,391691637,True,40.05704270,-79.25458310,818.19,-14.13
21,391691637,True,40.05708497,-79.25466852,816.88,-8.60
22,391691637,True,40.05712725,-79.25475395,815.91,-6.39
23,391691637,True,40.05716952,-79.25483937,814.87,-6.85
24,391691637,True,40.05721180,-79.25492480,813.08,-11.68
25,391691637,True,40.05725351,-79.25500913,810.70,-15.56
26,391691637,True,40.05729523,-79.25509345,807.80,-18.75
27,391691637,True,40.05733694,-79.25517777,804.91,-18.69
28,391691637,True,40.05737865,-79.25526210,801.84,-19.76
29,391691637,True,40.05742036,-79.25534642,798.45,-21.64
30,391691637,True,40.05746208,-79.25543075,795.33,-20.06
31,391691637,True,40.05750379,-79.25551507,792.24,-19.88
32,391691637,True,40.05754550,-79.25559940,789.56,-17.41
33,391691637,True,40.05761088,-79.25574225,785.72,-15.17
34,391691637,True,40.05767625,-79.25588510,781.73,-15.73
35,391691637,True,40.05774162,-79.25602795,778.50,-12.85
36,391691637,True,40.05780700,-79.25617080,775.76,-10.95
37,391691637,True,40.05782110,-79.25627610,774.45,-8.19
38,391691637,True,40.05783520,-79.25638140,773.47,-6.15
39,391691637,True,40.05784930,-79.25648670,772.42,-6.58
40,391691637,True,40.05786340,-79.25659200,771.32,-6.89
41,391691637,True,40.05782930,-79.25667055,770.93,-2.90
42,391691637,True,40.05779520,-79.25674910,770.62,-2.31
43,391691637,True,40.05776110,-79.25682765,770.67,0.37
44,391691637,True,40.05772700,-79.25690620,770.78,0.82
0,391691639,True,40.05509030,-79.25624940,811.45,0.00
1,391691639,True,40.05517385,-79.25629660,809.94,-8.49
2,391691639,True,40.05525740,-79.25634380,808.31,-9.15
3,391691639,True,40.05534095,-79.25639100,806.69,-9.09
4,391691639,True,40.05542450,-79.25643820,805.52,-6.59
5,391691639,True,40.05549620,-79.25646159,804.54,-6.80
6,391691639,True,40.05556790,-79.25648498,803.49,-7.28
7,391691639,True,40.05563960,-79.25650836,802.67,-5.70
8,391691639,True,40.05571130,-79.25653175,802.03,-4.45
9,391691639,True,40.05578300,-79.25655514,799.98,-14.01
10,391691639,True,40.05585470,-79.25657852,798.31,-11.49
11,391691639,True,40.05592640,-79.25660191,797.19,-7.76
12,391691639,True,40.05599810,-79.25662530,796.47,-5.01
13,391691639,True,40.05606435,-79.25664515,794.98,-11.15
14,391691639,True,40.05613060,-79.25666500,793.40,-11.81
15,391691639,True,40.05619685,-79.25668485,792.29,-8.36
16,391691639,True,40.05626310,-79.25670470,791.82,-3.56
17,391691639,True,40.05632935,-79.25672455,790.77,-7.91
18,391691639,True,40.05639560,-79.25674440,789.30,-11.01
19,391691639,True,40.05646185,-79.25676425,788.03,-9.54
20,391691639,True,40.05652810,-79.25678410,786.82,-9.10
21,391691639,True,40.05662120,-79.25683185,784.56,-11.49
22,391691639,True,40.05671430,-79.25687960,782.11,-12.42
23,391691639,True,40.05678733,-79.25699215,779.22,-12.96
24,391691639,True,40.05686035,-79.25710470,777.49,-7.84
25,391691639,True,40.05693337,-79.25721725,775.88,-7.31
26,391691639,True,40.05700640,-79.25732980,774.57,-5.96
27,391691639,True,40.05706025,-79.25739625,773.99,-4.03
28,391691639,True,40.05711410,-79.25746270,773.58,-2.85
0,391691645,True,40.05538180,-79.25364990,857.75,0.00
1,391691645,True,40.05530365,-79.25378885,856.07,-6.53
2,391691645,True,40.05522550,-79.25392780,854.60,-5.72
3,391691645,True,40.05514735,-79.25406675,853.10,-5.84
4,391691645,True,40.05506920,-79.25420570,851.82,-4.98
5,391691645,True,40.05498072,-79.25431452,851.02,-3.39
6,391691645,True,40.05489225,-79.25442335,850.30,-3.05
7,391691645,True,40.05480377,-79.25453218,849.58,-3.05
8,391691645,True,40.05471530,-79.25464100,848.94,-2.71
9,391691645,True,40.05463237,-79.25473265,848.31,-2.99
10,391691645,True,40.05454945,-79.25482430,847.64,-3.18
11,391691645,True,40.05446652,-79.25491595,846.74,-4.26
12,391691645,True,40.05438360,-79.25500760,845.51,-5.82
13,391691645,True,40.05433995,-79.25509530,843.96,-9.88
14,391691645,True,40.05429630,-79.25518300,842.38,-10.06
15,391691645,True,40.05428515,-79.25535795,837.77,-17.15
16,391691645,True,40.05427400,-79.25553290,833.03,-17.60
17,391691645,True,40.05432500,-79.25565370,829.04,-18.77
18,391691645,True,40.05437600,-79.25577450,825.30,-17.67
19,391691645,True,40.05445015,-79.25581200,823.39,-12.19
20,391691645,True,40.05452430,-79.25584950,821.55,-11.76
21,391691645,True,40.05459845,-79.25588700,819.93,-10.38
22,391691645,True,40.05467260,-79.25592450,818.70,-7.92
23,391691645,True,40.05477703,-79.25600572,816.99,-7.21
24,391691645,True,40.05488145,-79.25608695,815.61,-5.83
25,391691645,True,40.05498587,-79.25616817,813.88,-7.30
26,391691645,True,40.05509030,-79.25624940,811.45,-10.19
27,391691645,True,40.05514523,-79.25634172,809.63,-10.36
28,391691645,True,40.05520015,-79.25643405,807.45,-12.36
29,391691645,True,40.05525508,-79.25652637,805.46,-11.31
30,391691645,True,40.05531000,-79.25661870,803.91,-8.85
31,391691645,True,40.05536493,-79.25671103,802.01,-10.81
32,391691645,True,40.05541985,-79.25680335,800.03,-11.25
33,391691645,True,40.05547478,-79.25689568,797.60,-13.72
34,391691645,True,40.05552970,-79.25698800,795.30,-13.01
0,391691646,True,40.05426030,-79.25469020,851.24,0.00
1,391691646,True,40.05426930,-79.25481340,849.85,-7.52
2,391691646,True,40.05427830,-79.25493660,847.49,-12.63
3,391691646,True,40.05428730,-79.25505980,845.01,-13.25
4,391691646,True,40.05429630,-79.25518300,842.38,-14.02
0,391691649,True,40.05367070,-79.25651310,829.90,0.00
1,391691649,True,40.05379107,-79.25651520,827.61,-9.71
2,391691649,True,40.05391145,-79.25651730,825.49,-9.00
3,391691649,True,40.05403182,-79.25651940,823.38,-8.96
4,391691649,True,40.05415220,-79.25652150,821.13,-9.54
5,391691649,True,40.05425185,-79.25653088,819.30,-9.35
6,391691649,True,40.05435150,-79.25654025,817.62,-8.60
7,391691649,True,40.05445115,-79.25654962,815.97,-8.45
8,391691649,True,40.05455080,-79.25655900,814.31,-8.50
9,391691649,True,40.05463330,-79.25659909,812.41,-10.99
10,391691649,True,40.05471580,-79.25663918,810.43,-11.44
11,391691649,True,40.05479830,-79.25667926,808.55,-10.87
12,391691649,True,40.05488080,-79.25671935,806.50,-11.83
13,391691649,True,40.05496330,-79.25675944,804.76,-10.08
14,391691649,True,40.05504580,-79.25679952,802.79,-11.38
15,391691649,True,40.05512830,-79.25683961,801.69,-6.41
16,391691649,True,40.05521080,-79.25687970,800.45,-7.22
17,391691649,True,40.05529052,-79.25690678,799.10,-8.38
18,391691649,True,40.05537025,-79.25693385,797.98,-6.97
19,391691649,True,40.05544998,-79.25696093,796.78,-7.46
20,391691649,True,40.05552970,-79.25698800,795.30,-9.18
21,391691649,True,40.05564448,-79.25702758,793.64,-7.17
22,391691649,True,40.05575925,-79.25706715,791.55,-9.00
23,391691649,True,40.05587403,-79.25710672,789.64,-8.23
24,391691649,True,40.05598880,-79.25714630,787.83,-7.81
25,391691649,True,40.05609442,-79.25717443,786.25,-7.51
26,391691649,True,40.05620005,-79.25720255,784.68,-7.46
27,391691649,True,40.05630568,-79.25723068,783.16,-7.23
28,391691649,True,40.05641130,-79.25725880,781.86,-6.19
29,391691649,True,40.05651692,-79.25728693,780.66,-5.72
30,391691649,True,40.05662255,-79.25731505,779.40,-6.00
31,391691649,True,40.05672818,-79.25734318,777.96,-6.85
32,391691649,True,40.05683380,-79.25737130,776.73,-5.86
33,391691649,True,40.05690388,-79.25739415,776.11,-4.41
34,391691649,True,40.05697395,-79.25741700,775.14,-6.89
35,391691649,True,40.05704402,-79.25743985,774.31,-5.90
36,391691649,True,40.05711410,-79.25746270,773.58,-5.19
37,391691649,True,40.05718633,-79.25748625,772.90,-4.70
38,391691649,True,40.05725855,-79.25750980,772.58,-2.21
39,391691649,True,40.05733077,-79.25753335,772.18,-2.77
40,391691649,True,40.05740300,-79.25755690,772.09,-0.62
0,391691651,True,40.05546630,-79.25281110,864.80,0.00
1,391691651,True,40.05539869,-79.25291859,864.19,-2.95
2,391691651,True,40.05533107,-79.25302608,863.69,-2.42
3,391691651,True,40.05526346,-79.25313356,863.20,-2.37
4,391691651,True,40.05519585,-79.25324105,862.76,-2.13
5,391691651,True,40.05512824,-79.25334854,862.17,-2.85
6,391691651,True,40.05506063,-79.25345602,861.37,-3.87
7,391691651,True,40.05499301,-79.25356351,860.60,-3.72
8,391691651,True,40.05492540,-79.25367100,859.77,-4.01
9,391691651,True,40.05484226,-79.25379840,858.67,-4.41
10,391691651,True,40.05475913,-79.25392580,857.05,-6.49
11,391691651,True,40.05467599,-79.25405320,856.01,-4.17
12,391691651,True,40.05459285,-79.25418060,855.12,-3.57
13,391691651,True,40.05450971,-79.25430800,854.56,-2.25
14,391691651,True,40.05442658,-79.25443540,853.49,-4.29
15,391691651,True,40.05434344,-79.25456280,852.46,-4.13
16,391691651,True,40.05426030,-79.25469020,851.24,-4.89
17,391691651,True,40.05420083,-79.25478814,850.34,-4.83
18,391691651,True,40.05414135,-79.25488608,849.21,-6.06
19,391691651,True,40.05408188,-79.25498401,848.34,-4.67
20,391691651,True,40.05402240,-79.25508195,847.23,-5.96
21,391691651,True,40.05396293,-79.25517989,845.73,-8.02
22,391691651,True,40.05390345,-79.25527783,844.55,-6.33
23,391691651,True,40.05384397,-79.25537576,843.21,-7.18
24,391691651,True,40.05378450,-79.25547370,841.91,-6.97
25,391691651,True,40.05373265,-79.25561950,839.66,-9.34
26,391691651,True,40.05368080,-79.25576530,837.27,-9.91
27,391691651,True,40.05362895,-79.25591110,835.19,-8.64
28,391691651,True,40.05357710,-79.25605690,833.99,-5.01
29,391691651,True,40.05356705,-79.25618045,833.28,-3.84
30,391691651,True,40.05355700,-79.25630400,832.60,-3.68
31,391691651,True,40.05361385,-79.25640855,831.03,-8.18
32,391691651,True,40.05367070,-79.25651310,829.90,-5.91
0,391691653,True,40.06103140,-79.24620730,793.92,0.00
1,391691653,True,40.06101478,-79.24629399,791.75,-15.92
2,391691653,True,40.06099815,-79.24638067,789.78,-14.52
3,391691653,True,40.06098153,-79.24646736,788.13,-12.24
4,391691653,True,40.06096490,-79.24655405,786.79,-9.99
5,391691653,True,40.06094828,-79.24664074,785.50,-9.63
6,391691653,True,40.06093165,-79.24672743,784.70,-6.00
7,391691653,True,40.06091502,-79.24681411,783.66,-7.79
8,391691653,True,40.06089840,-79.24690080,782.60,-7.93
9,391691653,True,40.06088405,-79.24704207,781.05,-7.28
10,391691653,True,40.06086970,-79.24718335,779.10,-9.13
11,391691653,True,40.06085535,-79.24732463,777.17,-9.04
12,391691653,True,40.06084100,-79.24746590,775.29,-8.81
0,391691655,True,40.06017790,-79.24580990,813.83,0.00
1,391691655,True,40.06030990,-79.24582345,812.81,-3.96
2,391691655,True,40.06044190,-79.24583700,811.68,-4.39
3,391691655,True,40.06052120,-79.24586635,810.67,-6.29
4,391691655,True,40.06060050,-79.24589570,809.59,-6.72
5,391691655,True,40.06067980,-79.24592505,808.11,-9.17
6,391691655,True,40.06075910,-79.24595440,806.41,-10.51
7,391691655,True,40.06082718,-79.24601763,804.03,-14.37
8,391691655,True,40.06089525,-79.24608085,801.29,-16.44
9,391691655,True,40.06096333,-79.24614407,798.00,-19.51
10,391691655,True,40.06103140,-79.24620730,793.92,-23.72
11,391691655,True,40.06109428,-79.24625709,790.51,-22.64
12,391691655,True,40.06115715,-79.24630687,787.81,-18.28
13,391691655,True,40.06122002,-79.24635666,785.47,-15.97
14,391691655,True,40.06128290,-79.24640645,783.67,-12.42
15,391691655,True,40.06134577,-79.24645624,782.30,-9.51
16,391691655,True,40.06140865,-79.24650603,781.34,-6.70
17,391691655,True,40.06147153,-79.24655581,780.29,-7.32
18,391691655,True,40.06153440,-79.24660560,778.96,-9.24
19,391691655,True,40.06161228,-79.24667195,777.30,-9.12
20,391691655,True,40.06169015,-79.24673830,775.51,-9.82
21,391691655,True,40.06176802,-79.24680465,773.78,-9.50
22,391691655,True,40.06184590,-79.24687100,771.73,-11.22
23,391691655,True,40.06192377,-79.24693735,769.24,-13.54
24,391691655,True,40.06200165,-79.24700370,766.42,-15.26
25,391691655,True,40.06207953,-79.24707005,763.79,-14.27
26,391691655,True,40.06215740,-79.24713640,760.90,-15.62
27,391691655,True,40.06222899,-79.24721741,758.17,-14.53
28,391691655,True,40.06230057,-79.24729842,755.73,-13.05
29,391691655,True,40.06237216,-79.24737944,753.47,-12.11
30,391691655,True,40.06244375,-79.24746045,751.14,-12.48
31,391691655,True,40.06251534,-79.24754146,748.76,-12.74
32,391691655,True,40.06258693,-79.24762248,747.03,-9.33
33,391691655,True,40.06265851,-79.24770349,745.66,-7.41
34,391691655,True,40.06273010,-79.24778450,744.37,-6.98
35,391691655,True,40.06279095,-79.24790820,743.01,-6.20
36,391691655,True,40.06285180,-79.24803190,741.70,-5.98
37,391691655,True,40.06291265,-79.24815560,740.48,-5.57
38,391691655,True,40.06297350,-79.24827930,738.90,-7.20
39,391691655,True,40.06295097,-79.24845015,738.31,-2.29
40,391691655,True,40.06292845,-79.24862100,737.39,-3.57
41,391691655,True,40.06290592,-79.24879185,736.04,-5.23
42,391691655,True,40.06288340,-79.24896270,734.39,-6.38
43,391691655,True,40.06286435,-79.24905745,733.64,-5.14
44,391691655,True,40.06284530,-79.24915220,733.03,-4.18
45,391691655,True,40.06282625,-79.24924695,733.02,-0.07
46,391691655,True,40.06280720,-79.24934170,732.99,-0.21
0,391691656,True,40.05163100,-79.25758390,880.17,0.00
1,391691656,True,40.05169700,-79.25765642,879.40,-4.59
2,391691656,True,40.05176300,-79.25772895,879.25,-0.90
3,391691656,True,40.05182900,-79.25780148,878.84,-2.45
4,391691656,True,40.05189500,-79.25787400,877.97,-5.18
5,391691656,True,40.05201450,-79.25793293,876.71,-5.07
6,391691656,True,40.05213400,-79.25799185,875.69,-4.11
7,391691656,True,40.05225350,-79.25805078,874.46,-4.95
8,391691656,True,40.05237300,-79.25810970,873.25,-4.87
9,391691656,True,40.05249188,-79.25812525,871.70,-6.65
10,391691656,True,40.05261075,-79.25814080,869.78,-8.22
11,391691656,True,40.05272962,-79.25815635,868.80,-4.22
12,391691656,True,40.05284850,-79.25817190,868.05,-3.23
13,391691656,True,40.05292153,-79.25820536,867.01,-6.89
14,391691656,True,40.05299455,-79.25823883,865.88,-7.48
15,391691656,True,40.05306758,-79.25827229,864.87,-6.69
16,391691656,True,40.05314060,-79.25830575,863.81,-7.02
17,391691656,True,40.05321363,-79.25833921,862.57,-8.20
18,391691656,True,40.05328665,-79.25837268,861.26,-8.66
19,391691656,True,40.05335968,-79.25840614,860.36,-5.97
20,391691656,True,40.05343270,-79.25843960,859.78,-3.86
21,391691656,True,40.05352346,-79.25847053,858.95,-4.55
22,391691656,True,40.05361423,-79.25850145,857.50,-7.91
23,391691656,True,40.05370499,-79.25853237,855.67,-9.95
24,391691656,True,40.05379575,-79.25856330,853.61,-11.17
25,391691656,True,40.05388651,-79.25859422,851.53,-11.28
26,391691656,True,40.05397728,-79.25862515,850.09,-7.86
27,391691656,True,40.05406804,-79.25865608,849.37,-3.95
28,391691656,True,40.05415880,-79.25868700,848.50,-4.77
29,391691656,True,40.05422080,-79.25875475,848.01,-3.12
30,391691656,True,40.05428280,-79.25882250,847.43,-3.69
31,391691656,True,40.05434480,-79.25889025,847.30,-0.83
32,391691656,True,40.05440680,-79.25895800,847.12,-1.15
33,391691656,True,40.05447330,-79.25910823,846.73,-1.51
34,391691656,True,40.05453980,-79.25925845,845.45,-4.95
35,391691656,True,40.05460630,-79.25940868,842.04,-13.00
36,391691656,True,40.05467280,-79.25955890,839.26,-10.66
37,391691656,True,40.05472127,-79.25962517,838.09,-8.53
38,391691656,True,40.05476975,-79.25969145,837.62,-3.45
39,391691656,True,40.05481822,-79.25975773,837.17,-3.30
40,391691656,True,40.05486670,-79.25982400,836.92,-1.84
41,391691656,True,40.05491517,-79.25989028,836.63,-2.13
42,391691656,True,40.05496365,-79.25995655,836.30,-2.42
43,391691656,True,40.05501212,-79.26002282,835.76,-3.96
44,391691656,True,40.05506060,-79.26008910,835.34,-3.08
45,391691656,True,40.05515417,-79.26012887,834.72,-3.24
46,391691656,True,40.05524775,-79.26016865,834.00,-3.76
47,391691656,True,40.05534133,-79.26020843,832.87,-5.90
48,391691656,True,40.05543490,-79.26024820,831.56,-6.83
49,391691656,True,40.05554763,-79.26027913,828.86,-11.90
50,391691656,True,40.05566035,-79.26031005,826.72,-9.49
51,391691656,True,40.05577307,-79.26034097,825.44,-5.71
52,391691656,True,40.05588580,-79.26037190,821.97,-15.16
53,391691656,True,40.05596922,-79.26038958,818.88,-18.20
54,391691656,True,40.05605265,-79.26040725,816.46,-14.44
55,391691656,True,40.05613607,-79.26042492,814.17,-13.70
56,391691656,True,40.05621950,-79.26044260,811.84,-13.92
57,391691656,True,40.05629390,-79.26043230,809.40,-16.35
58,391691656,True,40.05636830,-79.26042200,807.40,-13.52
59,391691656,True,40.05644270,-79.26041170,806.00,-9.55
60,391691656,True,40.05651710,-79.26040140,805.44,-3.85
61,391691656,True,40.05657460,-79.26032775,803.99,-9.20
62,391691656,True,40.05663210,-79.26025410,802.82,-7.44
63,391691656,True,40.05668960,-79.26018045,802.05,-4.92
64,391691656,True,40.05674710,-79.26010680,800.49,-9.88
65,391691656,True,40.05679558,-79.25998308,798.65,-8.84
66,391691656,True,40.05684405,-79.25985935,797.13,-7.32
67,391691656,True,40.05689253,-79.25973562,795.41,-8.27
68,391691656,True,40.05694100,-79.25961190,793.90,-7.27
69,391691656,True,40.05697933,-79.25948009,792.23,-7.92
70,391691656,True,40.05701765,-79.25934828,790.78,-6.89
71,391691656,True,40.05705598,-79.25921646,789.31,-6.98
72,391691656,True,40.05709430,-79.25908465,787.67,-7.78
73,391691656,True,40.05713263,-79.25895284,785.95,-8.16
74,391691656,True,40.05717095,-79.25882103,784.11,-8.72
75,391691656,True,40.05720927,-79.25868921,782.17,-9.18
76,391691656,True,40.05724760,-79.25855740,780.94,-5.85
77,391691656,True,40.05727762,-79.25841165,779.55,-6.18
78,391691656,True,40.05730765,-79.25826590,778.14,-6.26
79,391691656,True,40.05733767,-79.25812015,776.66,-6.57
80,391691656,True,40.05736770,-79.25797440,775.47,-5.29
81,391691656,True,40.05737653,-79.25787002,774.33,-7.27
82,391691656,True,40.05738535,-79.25776565,773.23,-7.02
83,391691656,True,40.05739417,-79.25766128,772.33,-5.75
84,391691656,True,40.05740300,-79.25755690,772.09,-1.54
85,391691656,True,40.05741280,-79.25739115,771.65,-1.78
86,391691656,True,40.05742260,-79.25722540,771.46,-0.77
0,391691663,True,40.05415880,-79.25868700,848.50,0.00
1,391691663,True,40.05428535,-79.25872637,846.85,-6.51
2,391691663,True,40.05441190,-79.25876575,845.83,-4.03
3,391691663,True,40.05453845,-79.25880512,844.84,-3.92
4,391691663,True,40.05466500,-79.25884450,842.87,-7.76
5,391691663,True,40.05474762,-79.25887162,839.96,-17.08
6,391691663,True,40.05483025,-79.25889875,836.61,-19.47
7,391691663,True,40.05491287,-79.25892588,834.34,-13.48
8,391691663,True,40.05499550,-79.25895300,833.40,-5.67
9,391691663,True,40.05508733,-79.25901917,833.28,-0.59
10,391691663,True,40.05517915,-79.25908535,832.37,-4.46
11,391691663,True,40.05527097,-79.25915152,831.24,-5.54
12,391691663,True,40.05536280,-79.25921770,830.56,-3.34
13,391691663,True,40.05543155,-79.25934573,830.09,-2.02
14,391691663,True,40.05550030,-79.25947375,828.79,-5.58
15,391691663,True,40.05556905,-79.25960177,827.66,-4.85
16,391691663,True,40.05563780,-79.25972980,826.31,-5.79
17,391691663,True,40.05570320,-79.25979313,824.67,-10.27
18,391691663,True,40.05576860,-79.25985645,822.53,-13.30
19,391691663,True,40.05583400,-79.25991978,820.22,-14.32
20,391691663,True,40.05589940,-79.25998310,817.78,-15.09
21,391691663,True,40.05598845,-79.25999193,814.10,-20.33
22,391691663,True,40.05607750,-79.26000075,810.44,-20.23
23,391691663,True,40.05616655,-79.26000957,807.04,-18.90
24,391691663,True,40.05625560,-79.26001840,804.67,-13.42
25,391691663,True,40.05636945,-79.25996540,802.11,-10.78
26,391691663,True,40.05648330,-79.25991240,799.95,-9.13
27,391691663,True,40.05659715,-79.25985940,798.44,-6.41
28,391691663,True,40.05671100,-79.25980640,797.42,-4.34
29,391691663,True,40.05676850,-79.25975777,796.57,-6.37
30,391691663,True,40.05682600,-79.25970915,795.70,-6.52
31,391691663,True,40.05688350,-79.25966052,794.81,-6.66
32,391691663,True,40.05694100,-79.25961190,793.90,-6.81
0,391691666,True,40.05553400,-79.25269120,864.93,0.00
1,391691666,True,40.05558325,-79.25282170,863.80,-5.21
2,391691666,True,40.05563250,-79.25295220,862.24,-7.18
3,391691666,True,40.05566758,-79.25302925,861.51,-5.46
4,391691666,True,40.05570265,-79.25310630,861.11,-3.00
5,391691666,True,40.05573773,-79.25318335,860.69,-3.15
6,391691666,True,40.05577280,-79.25326040,859.55,-8.50
7,391691666,True,40.05583649,-79.25338095,858.00,-7.09
8,391691666,True,40.05590017,-79.25350150,856.19,-8.26
9,391691666,True,40.05596386,-79.25362205,853.55,-11.96
10,391691666,True,40.05602755,-79.25374260,850.99,-11.60
11,391691666,True,40.05609124,-79.25386315,848.52,-11.21
12,391691666,True,40.05615493,-79.25398370,846.28,-10.19
13,391691666,True,40.05621861,-79.25410425,843.41,-12.96
14,391691666,True,40.05628230,-79.25422480,840.70,-12.26
15,391691666,True,40.05634846,-79.25434561,837.59,-13.82
16,391691666,True,40.05641463,-79.25446643,834.05,-15.64
17,391691666,True,40.05648079,-79.25458724,829.76,-18.74
18,391691666,True,40.05654695,-79.25470805,825.08,-20.31
19,391691666,True,40.05661311,-79.25482886,821.59,-15.43
20,391691666,True,40.05667928,-79.25494968,819.10,-11.14
21,391691666,True,40.05674544,-79.25507049,817.29,-8.15
22,391691666,True,40.05681160,-79.25519130,815.62,-7.52
23,391691666,True,40.05686103,-79.25529986,813.30,-12.18
24,391691666,True,40.05691045,-79.25540843,810.62,-14.00
25,391691666,True,40.05695988,-79.25551699,807.25,-17.40
26,391691666,True,40.05700930,-79.25562555,803.61,-18.71
27,391691666,True,40.05705873,-79.25573411,799.46,-21.11
28,391691666,True,40.05710815,-79.25584267,795.40,-20.69
29,391691666,True,40.05715758,-79.25595124,791.93,-17.89
30,391691666,True,40.05720700,-79.25605980,789.10,-14.75
31,391691666,True,40.05724665,-79.25613479,787.03,-14.94
32,391691666,True,40.05728630,-79.25620978,784.84,-15.77
33,391691666,True,40.05732595,-79.25628476,782.48,-16.92
34,391691666,True,40.05736560,-79.25635975,780.38,-15.15
35,391691666,True,40.05740525,-79.25643474,778.62,-12.78
36,391691666,True,40.05744490,-79.25650973,777.11,-11.02
37,391691666,True,40.05748455,-79.25658471,775.86,-9.15
38,391691666,True,40.05752420,-79.25665970,774.43,-10.45
39,391691666,True,40.05757285,-79.25675970,772.75,-9.46
40,391691666,True,40.05762150,-79.25685970,771.50,-7.07
41,391691666,True,40.05772700,-79.25690620,770.78,-3.33
0,391691669,True,40.05163100,-79.25758390,880.17,0.00
1,391691669,True,40.05171697,-79.25761002,878.86,-7.60
2,391691669,True,40.05180295,-79.25763615,878.11,-4.37
3,391691669,True,40.05188893,-79.25766228,877.30,-4.72
4,391691669,True,40.05197490,-79.25768840,876.36,-5.47
5,391691669,True,40.05205541,-79.25768789,875.49,-5.55
6,391691669,True,40.05213593,-79.25768738,874.64,-5.42
7,391691669,True,40.05221644,-79.25768686,873.63,-6.44
8,391691669,True,40.05229695,-79.25768635,872.32,-8.32
9,391691669,True,40.05237746,-79.25768584,870.67,-10.44
10,391691669,True,40.05245797,-79.25768532,868.74,-12.17
11,391691669,True,40.05253849,-79.25768481,867.12,-10.26
12,391691669,True,40.05261900,-79.25768430,866.11,-6.44
13,391691669,True,40.05269474,-79.25767180,864.62,-9.96
14,391691669,True,40.05277048,-79.25765930,862.63,-13.19
15,391691669,True,40.05284621,-79.25764680,860.48,-14.21
16,391691669,True,40.05292195,-79.25763430,858.39,-13.83
17,391691669,True,40.05299769,-79.25762180,856.38,-13.32
18,391691669,True,40.05307342,-79.25760930,854.52,-12.36
19,391691669,True,40.05314916,-79.25759680,852.65,-12.42
20,391691669,True,40.05322490,-79.25758430,850.63,-13.39
21,391691669,True,40.05332714,-79.25756868,847.85,-13.65
22,391691669,True,40.05342937,-79.25755305,845.25,-12.80
23,391691669,True,40.05353161,-79.25753743,842.54,-13.32
24,391691669,True,40.05363385,-79.25752180,839.40,-15.34
25,391691669,True,40.05373609,-79.25750618,835.95,-16.77
26,391691669,True,40.05383833,-79.25749055,832.87,-15.06
27,391691669,True,40.05394056,-79.25747492,830.16,-13.32
28,391691669,True,40.05404280,-79.25745930,827.43,-13.41
29,391691669,True,40.05414504,-79.25744367,825.31,-10.49
30,391691669,True,40.05424727,-79.25742805,823.79,-7.57
31,391691669,True,40.05434951,-79.25741242,821.69,-10.40
32,391691669,True,40.05445175,-79.25739680,819.27,-11.94
33,391691669,True,40.05455399,-79.25738118,816.79,-12.23
34,391691669,True,40.05465623,-79.25736555,814.30,-12.27
35,391691669,True,40.05475846,-79.25734992,811.92,-11.75
36,391691669,True,40.05486070,-79.25733430,809.49,-11.99
37,391691669,True,40.05493121,-79.25732255,808.01,-10.61
38,391691669,True,40.05500171,-79.25731080,806.24,-12.62
39,391691669,True,40.05507222,-79.25729905,804.32,-13.65
40,391691669,True,40.05514272,-79.25728730,802.39,-13.72
41,391691669,True,40.05521323,-79.25727555,800.89,-10.75
42,391691669,True,40.05528374,-79.25726380,799.72,-8.42
43,391691669,True,40.05535424,-79.25725205,798.57,-8.28
44,391691669,True,40.05542475,-79.25724030,797.29,-9.20
45,391691669,True,40.05549526,-79.25722855,796.13,-8.35
46,391691669,True,40.05556576,-79.25721680,795.03,-7.92
47,391691669,True,40.05563627,-79.25720505,793.88,-8.28
48,391691669,True,40.05570678,-79.25719330,792.65,-8.85
49,391691669,True,40.05577728,-79.25718155,791.50,-8.28
50,391691669,True,40.05584779,-79.25716980,790.28,-8.77
51,391691669,True,40.05591829,-79.25715805,789.03,-8.99
52,391691669,True,40.05598880,-79.25714630,787.83,-8.63
0,391691671,True,40.05803990,-79.25005520,801.15,0.00
1,391691671,True,40.05808473,-79.25013475,799.40,-11.76
2,391691671,True,40.05812955,-79.25021430,798.37,-6.99
3,391691671,True,40.05817438,-79.25029385,797.87,-3.40
4,391691671,True,40.05821920,-79.25037340,797.60,-1.84
5,391691671,True,40.05830650,-79.25050590,797.14,-1.77
6,391691671,True,40.05839380,-79.25063840,795.98,-4.46
0,391691672,True,40.05499550,-79.25895300,833.40,0.00
1,391691672,True,40.05507861,-79.25890650,832.43,-5.51
2,391691672,True,40.05516172,-79.25886000,831.15,-7.26
3,391691672,True,40.05524484,-79.25881350,830.10,-5.96
4,391691672,True,40.05532795,-79.25876700,828.91,-6.75
5,391691672,True,40.05541106,-79.25872050,827.28,-9.21
6,391691672,True,40.05549417,-79.25867400,824.68,-14.50
7,391691672,True,40.05557729,-79.25862750,821.58,-17.14
8,391691672,True,40.05566040,-79.25858100,817.79,-20.66
9,391691672,True,40.05576693,-79.25853166,812.16,-24.13
10,391691672,True,40.05587345,-79.25848233,805.98,-26.19
11,391691672,True,40.05597997,-79.25843299,800.75,-22.60
12,391691672,True,40.05608650,-79.25838365,796.39,-19.13
13,391691672,True,40.05619302,-79.25833431,792.75,-16.15
14,391691672,True,40.05629955,-79.25828498,789.80,-13.21
15,391691672,True,40.05640607,-79.25823564,786.98,-12.65
16,391691672,True,40.05651260,-79.25818630,784.07,-13.04
17,391691672,True,40.05658349,-79.25812990,781.91,-13.17
18,391691672,True,40.05665437,-79.25807350,779.99,-11.75
19,391691672,True,40.05672526,-79.25801710,778.11,-11.51
20,391691672,True,40.05679615,-79.25796070,776.82,-7.96
21,391691672,True,40.05686704,-79.25790430,776.04,-4.83
22,391691672,True,40.05693792,-79.25784790,775.59,-2.79
23,391691672,True,40.05700881,-79.25779150,775.08,-3.16
24,391691672,True,40.05707970,-79.25773510,774.75,-2.05
25,391691672,True,40.05716053,-79.25769055,774.35,-2.35
26,391691672,True,40.05724135,-79.25764600,773.51,-4.92
27,391691672,True,40.05732217,-79.25760145,772.41,-6.43
28,391691672,True,40.05740300,-79.25755690,772.09,-1.88
0,391691675,True,40.05163530,-79.25748310,880.02,0.00
1,391691675,True,40.05165627,-79.25736557,879.34,-3.79
2,391691675,True,40.05167725,-79.25724805,877.76,-8.75
3,391691675,True,40.05169822,-79.25713053,876.34,-7.87
4,391691675,True,40.05171920,-79.25701300,873.85,-13.63
5,391691675,True,40.05176385,-79.25693698,871.17,-18.19
6,391691675,True,40.05180850,-79.25686095,869.17,-13.78
7,391691675,True,40.05185315,-79.25678493,867.64,-10.62
8,391691675,True,40.05189780,-79.25670890,865.89,-12.11
9,391691675,True,40.05199905,-79.25668080,862.85,-14.80
10,391691675,True,40.05210030,-79.25665270,859.90,-14.38
11,391691675,True,40.05220155,-79.25662460,857.32,-12.63
12,391691675,True,40.05230280,-79.25659650,855.26,-10.15
13,391691675,True,40.05237972,-79.25658972,854.06,-7.97
14,391691675,True,40.05245665,-79.25658295,852.78,-8.49
15,391691675,True,40.05253357,-79.25657617,851.85,-6.19
16,391691675,True,40.05261050,-79.25656940,850.69,-7.71
17,391691675,True,40.05268743,-79.25656263,849.08,-10.64
18,391691675,True,40.05276435,-79.25655585,847.43,-10.89
19,391691675,True,40.05284128,-79.25654908,846.01,-9.40
20,391691675,True,40.05291820,-79.25654230,844.41,-10.57
21,391691675,True,40.05301226,-79.25653865,842.53,-10.19
22,391691675,True,40.05310633,-79.25653500,840.52,-10.87
23,391691675,True,40.05320039,-79.25653135,838.66,-10.08
24,391691675,True,40.05329445,-79.25652770,836.77,-10.24
25,391691675,True,40.05338851,-79.25652405,835.30,-8.00
26,391691675,True,40.05348257,-79.25652040,833.69,-8.75
27,391691675,True,40.05357664,-79.25651675,831.89,-9.76
28,391691675,True,40.05367070,-79.25651310,829.90,-10.77
0,391691676,True,40.05742450,-79.25010100,824.20,0.00
1,391691676,True,40.05748288,-79.25020867,822.72,-7.51
2,391691676,True,40.05754125,-79.25031635,821.16,-7.91
3,391691676,True,40.05759963,-79.25042403,819.07,-10.54
4,391691676,True,40.05765800,-79.25053170,817.22,-9.36
5,391691676,True,40.05774630,-79.25055732,814.08,-17.34
6,391691676,True,40.05783460,-79.25058295,811.02,-16.92
7,391691676,True,40.05792290,-79.25060858,808.29,-15.19
8,391691676,True,40.05801120,-79.25063420,805.91,-13.31
9,391691676,True,40.05810685,-79.25063525,802.80,-16.30
10,391691676,True,40.05820250,-79.25063630,800.45,-12.46
11,391691676,True,40.05829815,-79.25063735,798.35,-11.17
12,391691676,True,40.05839380,-79.25063840,795.98,-12.56
13,391691676,True,40.05846235,-79.25063840,794.11,-13.78
14,391691676,True,40.05853090,-79.25063840,792.44,-12.36
15,391691676,True,40.05859945,-79.25063840,790.83,-11.93
16,391691676,True,40.05866800,-79.25063840,789.23,-11.85
17,391691676,True,40.05873655,-79.25063840,787.63,-11.85
18,391691676,True,40.05880510,-79.25063840,786.25,-10.26
19,391691676,True,40.05887365,-79.25063840,784.99,-9.39
20,391691676,True,40.05894220,-79.25063840,783.86,-8.43
21,391691676,True,40.05903945,-79.25063632,782.83,-5.44
22,391691676,True,40.05913670,-79.25063425,781.52,-6.91
23,391691676,True,40.05923395,-79.25063217,780.12,-7.38
24,391691676,True,40.05933120,-79.25063010,778.67,-7.64
25,391691676,True,40.05942365,-79.25061965,777.41,-6.96
26,391691676,True,40.05951610,-79.25060920,775.90,-8.33
0,391691677,True,40.05730610,-79.24736450,833.71,0.00
1,391691677,True,40.05739026,-79.24731587,833.49,-1.23
2,391691677,True,40.05747442,-79.24726725,833.07,-2.35
3,391691677,True,40.05755859,-79.24721863,832.64,-2.41
4,391691677,True,40.05764275,-79.24717000,832.31,-1.85
5,391691677,True,40.05772691,-79.24712138,831.98,-1.85
6,391691677,True,40.05781108,-79.24707275,831.27,-3.97
7,391691677,True,40.05789524,-79.24702412,830.99,-1.57
8,391691677,True,40.05797940,-79.24697550,830.78,-1.18
9,391691677,True,40.05807785,-79.24692395,830.16,-3.01
10,391691677,True,40.05817630,-79.24687240,829.83,-1.60
11,391691677,True,40.05827475,-79.24682085,829.08,-3.64
12,391691677,True,40.05837320,-79.24676930,828.85,-1.12
13,391691677,True,40.05847165,-79.24671775,827.98,-4.22
14,391691677,True,40.05857010,-79.24666620,827.71,-1.31
15,391691677,True,40.05866855,-79.24661465,826.76,-4.61
16,391691677,True,40.05876700,-79.24656310,826.05,-3.45
17,391691677,True,40.05885428,-79.24650321,825.41,-3.34
18,391691677,True,40.05894155,-79.24644333,823.87,-8.00
19,391691677,True,40.05902882,-79.24638344,823.21,-3.45
20,391691677,True,40.05911610,-79.24632355,822.31,-4.69
21,391691677,True,40.05920337,-79.24626366,820.81,-7.79
22,391691677,True,40.05929065,-79.24620377,820.09,-3.76
23,391691677,True,40.05937792,-79.24614389,819.45,-3.34
24,391691677,True,40.05946520,-79.24608400,818.75,-3.65
25,391691677,True,40.05955429,-79.24604974,817.74,-5.59
26,391691677,True,40.05964337,-79.24601547,816.73,-5.59
27,391691677,True,40.05973246,-79.24598121,815.93,-4.43
28,391691677,True,40.05982155,-79.24594695,815.22,-3.93
29,391691677,True,40.05991064,-79.24591269,814.71,-2.83
30,391691677,True,40.05999972,-79.24587843,814.33,-2.11
31,391691677,True,40.06008881,-79.24584416,814.03,-1.66
32,391691677,True,40.06017790,-79.24580990,813.83,-1.11
33,391691677,True,40.06013002,-79.24591969,812.76,-5.68
34,391691677,True,40.06008215,-79.24602948,811.63,-6.00
35,391691677,True,40.06003427,-79.24613926,809.96,-8.83
36,391691677,True,40.05998640,-79.24624905,808.81,-6.10
37,391691677,True,40.05993852,-79.24635884,807.42,-7.36
38,391691677,True,40.05989065,-79.24646862,806.83,-3.14
39,391691677,True,40.05984277,-79.24657841,805.87,-5.10
40,391691677,True,40.05979490,-79.24668820,804.81,-5.63
41,391691677,True,40.05972839,-79.24679645,804.37,-2.13
42,391691677,True,40.05966188,-79.24690470,802.95,-6.85
43,391691677,True,40.05959536,-79.24701295,802.54,-1.99
44,391691677,True,40.05952885,-79.24712120,801.34,-5.80
45,391691677,True,40.05946234,-79.24722945,800.32,-4.93
46,391691677,True,40.05939582,-79.24733770,798.65,-8.05
47,391691677,True,40.05932931,-79.24744595,797.60,-5.08
48,391691677,True,40.05926280,-79.24755420,796.59,-4.89
49,391691677,True,40.05917715,-79.24768970,794.51,-7.92
50,391691677,True,40.05909150,-79.24782520,793.34,-4.47
51,391691677,True,40.05913885,-79.24791065,791.20,-13.41
52,391691677,True,40.05918620,-79.24799610,789.76,-9.11
53,391691677,True,40.05927410,-79.24800200,787.96,-10.42
54,391691677,True,40.05936200,-79.24800790,786.52,-8.37
55,391691677,True,40.05946910,-79.24796812,785.70,-3.79
56,391691677,True,40.05957620,-79.24792835,784.76,-4.34
57,391691677,True,40.05968330,-79.24788857,783.91,-3.93
58,391691677,True,40.05979040,-79.24784880,782.99,-4.25
59,391691677,True,40.05989750,-79.24780903,781.90,-5.03
60,391691677,True,40.06000460,-79.24776925,781.01,-4.11
61,391691677,True,40.06011170,-79.24772947,779.71,-5.99
62,391691677,True,40.06021880,-79.24768970,778.83,-4.07
63,391691677,True,40.06032138,-79.24764258,778.06,-3.64
64,391691677,True,40.06042395,-79.24759545,777.91,-0.71
65,391691677,True,40.06052653,-79.24754832,777.19,-3.41
66,391691677,True,40.06062910,-79.24750120,776.92,-1.28
67,391691677,True,40.06073505,-79.24748355,776.14,-3.76
68,391691677,True,40.06084100,-79.24746590,775.29,-4.09
69,391691677,True,40.06081113,-79.24756974,774.26,-6.23
70,391691677,True,40.06078125,-79.24767357,773.05,-7.30
71,391691677,True,40.06075138,-79.24777741,771.90,-6.95
72,391691677,True,40.06072150,-79.24788125,770.97,-5.63
73,391691677,True,40.06069163,-79.24798509,770.05,-5.57
74,391691677,True,40.06066175,-79.24808893,769.45,-3.64
75,391691677,True,40.06063187,-79.24819276,768.74,-4.30
76,391691677,True,40.06060200,-79.24829660,767.84,-5.45
77,391691677,True,40.06055918,-79.24843208,766.93,-4.17
78,391691677,True,40.06051635,-79.24856755,766.19,-3.39
79,391691677,True,40.06047352,-79.24870302,765.46,-3.35
80,391691677,True,40.06043070,-79.24883850,764.17,-5.90
81,391691677,True,40.06047240,-79.24895340,762.82,-7.11
82,391691677,True,40.06051410,-79.24906830,761.71,-5.86
83,391691677,True,40.06055580,-79.24918320,760.63,-5.70
84,391691677,True,40.06059750,-79.24929810,759.62,-5.33
0,391691678,True,40.05909150,-79.24782520,793.34,0.00
1,391691678,True,40.05905946,-79.24790278,792.38,-7.29
2,391691678,True,40.05902742,-79.24798035,792.03,-2.67
3,391691678,True,40.05899539,-79.24805792,792.25,1.68
4,391691678,True,40.05896335,-79.24813550,792.14,-0.84
5,391691678,True,40.05893131,-79.24821307,791.84,-2.29
6,391691678,True,40.05889928,-79.24829065,791.68,-1.22
7,391691678,True,40.05886724,-79.24836823,791.33,-2.67
8,391691678,True,40.05883520,-79.24844580,791.03,-2.29
9,391691678,True,40.05884082,-79.24853710,789.98,-7.67
10,391691678,True,40.05884645,-79.24862840,788.99,-7.24
11,391691678,True,40.05885207,-79.24871970,788.11,-6.44
12,391691678,True,40.05885770,-79.24881100,787.36,-5.50
13,391691678,True,40.05893345,-79.24892180,785.07,-10.27
14,391691678,True,40.05900920,-79.24903260,782.94,-9.56
15,391691678,True,40.05908495,-79.24914340,781.14,-8.10
16,391691678,True,40.05916070,-79.24925420,779.60,-6.94
